dt,posX,posY,posZ,velX,velY,velZ,accX,accY,accZ
0.0,455863775604.1915,383423915654.51086,-14699693596.877295,11601.099826439779,-11982.689168930096,234.37180034364332,0.0,0.0,0.0
