dt,posX,posY,posZ,velX,velY,velZ,accX,accY,accZ
0.0,-2997119.8657687576,-4388557.225749306,-3503293.6830374366,191.9806108721381,-199.92763937015386,86.20601383202848,0.0,0.0,0.0
