dt,posX,posY,posZ,velX,velY,velZ,accX,accY,accZ
0.0,454894694737.0841,384456109898.2066,-14712629064.838978,11218.12291185019,-12306.100648555494,235.65357275048893,0.0,0.0,0.0
