dt,posX,posY,posZ,velX,velY,velZ,accX,accY,accZ
0.0,-270823144298.29593,-267284641643.61453,252659719.3060816,38600.32701332715,-37188.77571637019,-672.5612779234887,0.0,0.0,0.0
