dt,posX,posY,posZ,velX,velY,velZ,accX,accY,accZ
0.0,-140859945532.0178,-159324501055.22537,-2738079099.35765,54857.390437183116,-39537.09865529015,-4485.855370256207,0.0,0.0,0.0
