dt,posX,posY,posZ,velX,velY,velZ,accX,accY,accZ
0.0,4349167947359.8755,-391155140426.7016,-96754109979.39952,20119.20565438934,-17449.720402113522,-32.130022966168966,0.0,0.0,0.0
