dt,posX,posY,posZ,velX,velY,velZ,accX,accY,accZ
0.0,1215256363034.1042,-696437299918.3436,-42436288682.30302,23242.00145522106,-14124.260670225345,-202.73938513919018,0.0,0.0,0.0
