dt,posX,posY,posZ,velX,velY,velZ,accX,accY,accZ
0.0,-113753929204.56596,-95359161192.02925,2953169.5507243276,19802.77129869398,-22918.402606237498,87.59975766282224,0.0,0.0,0.0
