dt,posX,posY,posZ,velX,velY,velZ,accX,accY,accZ
0.0,1749215996359.7183,2173215989356.584,-15723818934.27992,14481.56861490514,-18902.032915392374,171.34103924261714,0.0,0.0,0.0
