dt,posX,posY,posZ,velX,velY,velZ,accX,accY,accZ
0.0,-114495565333.35136,12285832583.975246,1524076667.7684717,-15335.716256488677,-23345.083756273158,2109.257635537643,0.0,0.0,0.0
